TrainSize,Time,Performance
15,0.944261,1
45,2.22795,0.911111
75,3.62603,0.955556
105,5.12809,0.977778
