TrainSize,Time, Performance
6000,84.7443,0.933333
18000,271.647,0.926667
30000,421.743,0.906667
42000,580.473,0.943333
