TrainSize,Time, Performance
15,0.0107973,95.5556
45,0.018479,93.3333
75,0.0200979,97.7778
105,0.0229351,100
