TrainSize,Time, Performance
15,0.00655461,95.5556
45,0.00469091,93.3333
75,0.00520519,95.5556
105,0.00757698,97.7778
