TrainSize,Time,Performance
15,0.00918403,100
45,0.0415884,100
75,0.0989153,100
105,0.190642,100
