TrainSize,Time,Performance
15,0.00932058,86.6667
45,0.0912368,97.7778
75,0.109823,100
105,0.190878,97.7778
